1,kernel,0,265900,1435800
1,kernel,0,245400,1461700
1,kernel,0,243600,1451100
1,kernel,0,260700,1468500
1,kernel,0,244000,1438800
2,kernel,0,442000,2433400
2,kernel,0,450400,2432100
2,kernel,0,449200,2442800
2,kernel,0,447100,2497900
2,kernel,0,451200,2441800
3,kernel,0,693300,4354400
3,kernel,0,675400,4012800
3,kernel,0,656500,4040700
3,kernel,0,673000,3997600
3,kernel,0,644900,4022400
4,kernel,0,1051900,6602100
4,kernel,0,1070000,6945300
4,kernel,0,1031600,6661800
4,kernel,0,1181000,6741800
4,kernel,0,1196700,6589200
5,kernel,0,1626100,17160400
5,kernel,0,2008800,16599600
5,kernel,0,1469600,16942200
5,kernel,0,1474200,17616300
5,kernel,0,1449400,17138900
6,kernel,0,2508100,14125500
6,kernel,0,2363600,14785900
6,kernel,0,2309500,14474100
6,kernel,0,2388600,14483900
6,kernel,0,2358700,14736100
7,kernel,0,3198000,20697900
7,kernel,0,3278500,21504100
7,kernel,0,3478800,21611600
7,kernel,0,3384300,21137800
7,kernel,0,3455500,20890200
8,kernel,0,4877000,31243500
8,kernel,0,4898200,37105000
8,kernel,0,8657600,48587000
8,kernel,0,5902800,32721000
8,kernel,0,4788600,31124300
9,kernel,0,6014100,65818400
9,kernel,0,5937100,63113400
9,kernel,0,6521800,66306600
9,kernel,0,6197700,65288800
9,kernel,0,6404100,64584400
10,kernel,0,8030200,46840300
10,kernel,0,7533300,46595000
10,kernel,0,7687300,48709700
10,kernel,0,7699100,47781500
10,kernel,0,7727000,46993500
1,kernel,1,35500,477300
1,kernel,1,41800,683500
1,kernel,1,39900,449800
1,kernel,1,36400,447900
1,kernel,1,51700,492500
2,kernel,1,72800,895200
2,kernel,1,53500,639500
2,kernel,1,47700,649100
2,kernel,1,47200,642500
2,kernel,1,50600,644000
3,kernel,1,61400,824300
3,kernel,1,59500,858600
3,kernel,1,55700,818000
3,kernel,1,55900,890000
3,kernel,1,60900,810700
4,kernel,1,99200,1727500
4,kernel,1,90500,1652300
4,kernel,1,90000,1652100
4,kernel,1,91400,1729500
4,kernel,1,88400,1638000
5,kernel,1,112900,9582300
5,kernel,1,108600,10017800
5,kernel,1,110800,9431000
5,kernel,1,114500,9745500
5,kernel,1,112600,10306900
6,kernel,1,138500,5135500
6,kernel,1,129600,5062700
6,kernel,1,134500,5009100
6,kernel,1,131800,5451600
6,kernel,1,120500,5074800
7,kernel,1,179300,2779000
7,kernel,1,164200,2891500
7,kernel,1,168400,2677200
7,kernel,1,169600,2662200
7,kernel,1,172400,2721300
8,kernel,1,217900,16563200
8,kernel,1,198900,16616700
8,kernel,1,199800,16807700
8,kernel,1,218500,16294200
8,kernel,1,184000,16884800
9,kernel,1,247600,6689200
9,kernel,1,247100,6719400
9,kernel,1,254400,6781100
9,kernel,1,249700,6724300
9,kernel,1,241400,6735800
10,kernel,1,259700,6314400
10,kernel,1,256700,6058100
10,kernel,1,251400,6085700
10,kernel,1,235300,6092500
10,kernel,1,276400,6053900
1,gecode,-,4874700,1513600
1,gecode,-,4730800,1383600
1,gecode,-,4890700,1420800
1,gecode,-,4706500,1523200
1,gecode,-,4617900,1565600
2,gecode,-,7302300,2655800
2,gecode,-,7167300,2481000
2,gecode,-,7123000,2563900
2,gecode,-,7134200,2544800
2,gecode,-,7559400,2611600
3,gecode,-,10470500,4727100
3,gecode,-,10916300,5044100
3,gecode,-,10642000,4677300
3,gecode,-,11280400,5197600
3,gecode,-,10851000,4845000
4,gecode,-,14525600,8499300
4,gecode,-,15454600,8837100
4,gecode,-,14741500,10397800
4,gecode,-,15064500,10993000
4,gecode,-,15034400,8714300
5,gecode,-,20416300,32159300
5,gecode,-,21074400,31798700
5,gecode,-,20626100,33262500
5,gecode,-,21244900,32293800
5,gecode,-,20315200,31980400
6,gecode,-,27093000,25178700
6,gecode,-,26774600,25224300
6,gecode,-,26978700,25562900
6,gecode,-,27927800,26745600
6,gecode,-,27574000,27767700
7,gecode,-,35401600,44914200
7,gecode,-,35134900,44276400
7,gecode,-,36500200,44018400
7,gecode,-,35232100,43132700
7,gecode,-,35350500,41801200
8,gecode,-,45072100,69473200
8,gecode,-,44068200,69916300
8,gecode,-,44663000,69523900
8,gecode,-,45564900,74199900
8,gecode,-,57678200,79060500
9,gecode,-,57739400,164801000
9,gecode,-,58533900,166970000
9,gecode,-,55195100,161572000
9,gecode,-,57066300,163104000
9,gecode,-,55939200,160060000
10,gecode,-,68133200,136876000
10,gecode,-,68071800,141570000
10,gecode,-,68999400,142959000
10,gecode,-,69059300,141810000
10,gecode,-,67774300,141373000
1,chuffed,-,11000000,0
1,chuffed,-,11000000,1000000
1,chuffed,-,11000000,0
1,chuffed,-,11000000,0
1,chuffed,-,14000000,1000000
2,chuffed,-,36000000,0
2,chuffed,-,34000000,0
2,chuffed,-,34000000,1000000
2,chuffed,-,35000000,1000000
2,chuffed,-,34000000,1000000
3,chuffed,-,21000000,2000000
3,chuffed,-,22000000,3000000
3,chuffed,-,21000000,3000000
3,chuffed,-,21000000,3000000
3,chuffed,-,23000000,3000000
4,chuffed,-,28000000,2000000
4,chuffed,-,27000000,2000000
4,chuffed,-,28000000,2000000
4,chuffed,-,28000000,2000000
4,chuffed,-,28000000,1000000
5,chuffed,-,43000000,11000000
5,chuffed,-,43000000,11000000
5,chuffed,-,44000000,11000000
5,chuffed,-,43000000,12000000
5,chuffed,-,44000000,11000000
6,chuffed,-,45000000,6352000000
6,chuffed,-,46000000,6450000000
6,chuffed,-,46000000,6515000000
6,chuffed,-,48000000,6634000000
6,chuffed,-,45000000,6502000000
1,cp-sat,-,0,84764300
1,cp-sat,-,0,88915000
1,cp-sat,-,0,86178400
1,cp-sat,-,0,86257200
1,cp-sat,-,0,86242300
2,cp-sat,-,0,141203000
2,cp-sat,-,0,147548000
2,cp-sat,-,0,143344000
2,cp-sat,-,0,144071000
2,cp-sat,-,0,146156000
3,cp-sat,-,0,302757000
3,cp-sat,-,0,291835000
3,cp-sat,-,0,294092000
3,cp-sat,-,0,294584000
3,cp-sat,-,0,293281000
4,cp-sat,-,0,373614000
4,cp-sat,-,0,373937000
4,cp-sat,-,0,375700000
4,cp-sat,-,0,376151000
4,cp-sat,-,0,382834000
5,cp-sat,-,0,5847170000
5,cp-sat,-,0,5831290000
5,cp-sat,-,0,5843010000
5,cp-sat,-,0,5847170000
5,cp-sat,-,0,5964380000
