1,kernel,0,169800,1141400
1,kernel,0,148000,1120800
1,kernel,0,140100,1334100
1,kernel,0,147500,1109800
1,kernel,0,145600,1109800
2,kernel,0,608400,6202000
2,kernel,0,650100,6455500
2,kernel,0,717300,6714700
2,kernel,0,645700,6200900
2,kernel,0,620200,6311100
3,kernel,0,1345100,17884600
3,kernel,0,1247700,18225500
3,kernel,0,1809700,18264800
3,kernel,0,1338100,18302000
3,kernel,0,1306100,18219000
4,kernel,0,2270900,38945000
4,kernel,0,2538400,40028100
4,kernel,0,2316000,39584300
4,kernel,0,2497300,39260200
4,kernel,0,2225400,38948100
5,kernel,0,4023100,73683900
5,kernel,0,3414700,73378600
5,kernel,0,3630800,74331000
5,kernel,0,3622600,75575000
5,kernel,0,3601700,74770900
6,kernel,0,5283600,130893200
6,kernel,0,5056900,129797900
6,kernel,0,5132300,128024400
6,kernel,0,5028200,130555200
6,kernel,0,4973200,128308100
7,kernel,0,6992500,199278100
7,kernel,0,7249500,199563900
7,kernel,0,6970000,205048200
7,kernel,0,7753000,201874800
7,kernel,0,7255800,212158200
8,kernel,0,9652700,240680200
8,kernel,0,9220100,243757200
8,kernel,0,10201400,245874100
8,kernel,0,8816300,242722300
8,kernel,0,10144100,244991400
9,kernel,0,11978700,338514900
9,kernel,0,11276500,332121100
9,kernel,0,11355100,334847000
9,kernel,0,10909300,333374100
9,kernel,0,12439000,339175600
10,kernel,0,13973200,451631200
10,kernel,0,13874100,449655600
10,kernel,0,13954400,451584700
10,kernel,0,13943100,458250600
10,kernel,0,14284100,464463400
1,gecode,-,725900,143400
1,gecode,-,736300,147500
1,gecode,-,723800,138800
1,gecode,-,721700,155500
1,gecode,-,718300,142700
2,gecode,-,1183900,362200
2,gecode,-,1178100,379900
2,gecode,-,1316400,497500
2,gecode,-,1183500,343300
2,gecode,-,1168600,365200
3,gecode,-,1635900,705600
3,gecode,-,1638200,691700
3,gecode,-,1642300,658500
3,gecode,-,1737500,700800
3,gecode,-,1687400,685400
4,gecode,-,2245700,1217000
4,gecode,-,2148300,1141400
4,gecode,-,2095400,1152900
4,gecode,-,2101800,1190800
4,gecode,-,2055500,1180600
5,gecode,-,2624300,1762000
5,gecode,-,2648200,1740900
5,gecode,-,2651000,1762600
5,gecode,-,2567200,1816700
5,gecode,-,2654800,1794400
6,gecode,-,2978000,2643000
6,gecode,-,3160500,2688000
6,gecode,-,3011600,2478500
6,gecode,-,3210500,2470800
6,gecode,-,3064500,2719000
7,gecode,-,3409200,3305800
7,gecode,-,3488900,3348000
7,gecode,-,3435900,3256600
7,gecode,-,3503500,3265300
7,gecode,-,3539100,3210900
8,gecode,-,4023100,5081500
8,gecode,-,3974200,4288500
8,gecode,-,3878300,4275600
8,gecode,-,3939700,4269700
8,gecode,-,3936200,4402100
9,gecode,-,4394800,5398100
9,gecode,-,4355000,5250500
9,gecode,-,4326900,5378500
9,gecode,-,4274900,5220700
9,gecode,-,5863300,6090000
10,gecode,-,4745500,6328700
10,gecode,-,4845900,6704400
10,gecode,-,5066300,6742000
10,gecode,-,4793600,6370700
10,gecode,-,4830200,6643800
1,chuffed,-,15000000,0
1,chuffed,-,16000000,0
1,chuffed,-,17000000,0
1,chuffed,-,16000000,0
1,chuffed,-,16000000,0
2,chuffed,-,56000000,1000000
2,chuffed,-,54000000,1000000
2,chuffed,-,53000000,2000000
2,chuffed,-,54000000,2000000
2,chuffed,-,58000000,1000000
3,chuffed,-,117000000,4000000
3,chuffed,-,117000000,4000000
3,chuffed,-,117000000,4000000
3,chuffed,-,118000000,4000000
3,chuffed,-,117000000,4000000
4,chuffed,-,209000000,8000000
4,chuffed,-,212000000,8000000
4,chuffed,-,214000000,8000000
4,chuffed,-,214000000,8000000
4,chuffed,-,214000000,8000000
5,chuffed,-,329000000,12000000
5,chuffed,-,333000000,13000000
5,chuffed,-,333000000,13000000
5,chuffed,-,329000000,13000000
5,chuffed,-,330000000,13000000
6,chuffed,-,481000000,20000000
6,chuffed,-,474000000,19000000
6,chuffed,-,472000000,19000000
6,chuffed,-,477000000,20000000
6,chuffed,-,485000000,20000000
7,chuffed,-,647000000,27000000
7,chuffed,-,640000000,27000000
7,chuffed,-,646000000,26000000
7,chuffed,-,646000000,27000000
7,chuffed,-,642000000,28000000
8,chuffed,-,857000000,38000000
8,chuffed,-,854000000,38000000
8,chuffed,-,856000000,39000000
8,chuffed,-,862000000,37000000
8,chuffed,-,848000000,38000000
9,chuffed,-,1086000000,51000000
9,chuffed,-,1087000000,49000000
9,chuffed,-,1088000000,48000000
9,chuffed,-,1099000000,49000000
9,chuffed,-,1081000000,49000000
10,chuffed,-,1330000000,61000000
10,chuffed,-,1349000000,62000000
10,chuffed,-,1336000000,60000000
10,chuffed,-,1345000000,65000000
10,chuffed,-,1351000000,62000000
1,cp-sat,-,0,4073300
1,cp-sat,-,0,4237500
1,cp-sat,-,0,4026200
1,cp-sat,-,0,4173800
1,cp-sat,-,0,3966800
2,cp-sat,-,0,13294000
2,cp-sat,-,0,13345400
2,cp-sat,-,0,12915100
2,cp-sat,-,0,12807900
2,cp-sat,-,0,13345000
3,cp-sat,-,0,27758300
3,cp-sat,-,0,28356400
3,cp-sat,-,0,27451400
3,cp-sat,-,0,27562600
3,cp-sat,-,0,28646400
4,cp-sat,-,0,49075700
4,cp-sat,-,0,48080600
4,cp-sat,-,0,47977100
4,cp-sat,-,0,48431000
4,cp-sat,-,0,49121800
5,cp-sat,-,0,75150400
5,cp-sat,-,0,74741300
5,cp-sat,-,0,74685500
5,cp-sat,-,0,74386400
5,cp-sat,-,0,74494800
6,cp-sat,-,0,107589000
6,cp-sat,-,0,110680000
6,cp-sat,-,0,107640000
6,cp-sat,-,0,108081000
6,cp-sat,-,0,111297000
7,cp-sat,-,0,147828000
7,cp-sat,-,0,147044000
7,cp-sat,-,0,143810000
7,cp-sat,-,0,145198000
7,cp-sat,-,0,144671000
8,cp-sat,-,0,187843000
8,cp-sat,-,0,191773000
8,cp-sat,-,0,189162000
8,cp-sat,-,0,191066000
8,cp-sat,-,0,223715000
9,cp-sat,-,0,241272000
9,cp-sat,-,0,242085000
9,cp-sat,-,0,240719000
9,cp-sat,-,0,240045000
9,cp-sat,-,0,240211000
10,cp-sat,-,0,295116000
10,cp-sat,-,0,294348000
10,cp-sat,-,0,296083000
10,cp-sat,-,0,297445000
10,cp-sat,-,0,297175000
